<?xml version="1.0" encoding="UTF-8"?>
<module codename="org.netbeans.bootstrap/1">
    <module_version install_time="1370529553245" last="true" origin="installer" specification_version="2.56.1">
        <file crc="2389975787" name="lib/boot.jar"/>
        <file crc="2948072070" name="lib/nbexec"/>
        <file crc="1785119354" name="lib/nbexec.dll"/>
        <file crc="1385299370" name="lib/nbexec.exe"/>
        <file crc="14462315" name="lib/nbexec64.dll"/>
        <file crc="291493605" name="lib/nbexec64.exe"/>
    </module_version>
</module>
