<?xml version="1.0" encoding="UTF-8"?>
<module codename="org.apache.tools.ant.module/3">
    <module_version install_time="1369062924308" last="true" origin="installer" specification_version="3.61.1.2">
        <file crc="1999663840" name="ant/bin/ant"/>
        <file crc="2374738083" name="ant/bin/ant.bat"/>
        <file crc="3888342310" name="ant/bin/ant.cmd"/>
        <file crc="3542151594" name="ant/bin/antRun"/>
        <file crc="1972953576" name="ant/bin/antRun.bat"/>
        <file crc="183723485" name="ant/bin/antRun.pl"/>
        <file crc="3886796075" name="ant/bin/antenv.cmd"/>
        <file crc="230940639" name="ant/bin/complete-ant-cmd.pl"/>
        <file crc="764926773" name="ant/bin/envset.cmd"/>
        <file crc="726621973" name="ant/bin/lcp.bat"/>
        <file crc="843725328" name="ant/bin/runant.pl"/>
        <file crc="2109833656" name="ant/bin/runant.py"/>
        <file crc="3300495975" name="ant/bin/runrc.cmd"/>
        <file crc="1446065205" name="ant/etc/ant-bootstrap.jar"/>
        <file crc="1734346451" name="ant/etc/changelog.xsl"/>
        <file crc="239576065" name="ant/etc/checkstyle/checkstyle-frames.xsl"/>
        <file crc="231885719" name="ant/etc/checkstyle/checkstyle-text.xsl"/>
        <file crc="3104370079" name="ant/etc/checkstyle/checkstyle-xdoc.xsl"/>
        <file crc="2215317255" name="ant/etc/coverage-frames.xsl"/>
        <file crc="331847902" name="ant/etc/jdepend-frames.xsl"/>
        <file crc="3205847098" name="ant/etc/jdepend.xsl"/>
        <file crc="740797930" name="ant/etc/junit-frames-xalan1.xsl"/>
        <file crc="3541951954" name="ant/etc/junit-frames.xsl"/>
        <file crc="4187496140" name="ant/etc/junit-noframes.xsl"/>
        <file crc="504884775" name="ant/etc/log.xsl"/>
        <file crc="1383332646" name="ant/etc/maudit-frames.xsl"/>
        <file crc="595834325" name="ant/etc/mmetrics-frames.xsl"/>
        <file crc="2235338255" name="ant/etc/tagdiff.xsl"/>
        <file crc="1235232329" name="ant/lib/ant-antlr.jar"/>
        <file crc="1606972655" name="ant/lib/ant-apache-bcel.jar"/>
        <file crc="2993787027" name="ant/lib/ant-apache-bsf.jar"/>
        <file crc="2982123933" name="ant/lib/ant-apache-log4j.jar"/>
        <file crc="4178663872" name="ant/lib/ant-apache-oro.jar"/>
        <file crc="467125020" name="ant/lib/ant-apache-regexp.jar"/>
        <file crc="2134100317" name="ant/lib/ant-apache-resolver.jar"/>
        <file crc="3300087246" name="ant/lib/ant-apache-xalan2.jar"/>
        <file crc="2527170927" name="ant/lib/ant-commons-logging.jar"/>
        <file crc="1319782603" name="ant/lib/ant-commons-net.jar"/>
        <file crc="2823847480" name="ant/lib/ant-jai.jar"/>
        <file crc="3623997768" name="ant/lib/ant-javamail.jar"/>
        <file crc="1561647636" name="ant/lib/ant-jdepend.jar"/>
        <file crc="3807703824" name="ant/lib/ant-jmf.jar"/>
        <file crc="126297426" name="ant/lib/ant-jsch.jar"/>
        <file crc="844333957" name="ant/lib/ant-junit.jar"/>
        <file crc="3156724283" name="ant/lib/ant-junit4.jar"/>
        <file crc="2782992477" name="ant/lib/ant-launcher.jar"/>
        <file crc="1533291933" name="ant/lib/ant-netrexx.jar"/>
        <file crc="2249665798" name="ant/lib/ant-swing.jar"/>
        <file crc="2842389487" name="ant/lib/ant-testutil.jar"/>
        <file crc="2161409478" name="ant/lib/ant.jar"/>
        <file crc="2296249386" name="ant/nblib/bridge.jar"/>
        <file crc="3539900533" name="config/Modules/org-apache-tools-ant-module.xml"/>
        <file crc="3728038655" name="modules/org-apache-tools-ant-module.jar"/>
    </module_version>
</module>
