<?xml version="1.0" encoding="UTF-8"?>
<module codename="org.netbeans.modules.javascript2.editor/1">
    <module_version install_time="1369063227782" last="true" origin="installer" specification_version="0.4.1">
        <file crc="2436414915" name="config/Modules/org-netbeans-modules-javascript2-editor.xml"/>
        <file crc="3129083012" name="docs/jquery-api.xml"/>
        <file crc="1955550232" name="jsstubs/corestubs.zip"/>
        <file crc="1799933558" name="jsstubs/domstubs.zip"/>
        <file crc="3117609565" name="jsstubs/reststubs.zip"/>
        <file crc="1075885046" name="modules/org-netbeans-modules-javascript2-editor.jar"/>
    </module_version>
</module>
