<?xml version="1.0" encoding="UTF-8"?>
<module codename="com.paterva.maltego.branding">
    <module_version install_time="1374593532939" last="true" origin="installer" specification_version="1.1">
        <file crc="290450289" name="config/Modules/com-paterva-maltego-branding.xml"/>
        <file crc="1222796314" name="core/locale/core_maltego.jar"/>
        <file crc="966463377" name="modules/com-paterva-maltego-branding.jar"/>
        <file crc="395898331" name="modules/ext/locale/updater_maltego.jar"/>
        <file crc="3063810359" name="modules/locale/com-paterva-maltego-laf_maltego.jar"/>
        <file crc="3879255187" name="modules/locale/com-paterva-maltego-ui-graph_maltego.jar"/>
        <file crc="680952692" name="modules/locale/com-paterva-maltego-util-ui_maltego.jar"/>
        <file crc="3354223549" name="modules/locale/com-paterva-maltego-welcome_maltego.jar"/>
        <file crc="1060717823" name="modules/locale/com-pinkmatter-modules-flamingo_maltego.jar"/>
        <file crc="2736950839" name="modules/locale/org-netbeans-core-windows_maltego.jar"/>
        <file crc="4181708775" name="modules/locale/org-netbeans-core_maltego.jar"/>
    </module_version>
</module>
